{
  "static": {
    "monthly_cost_usd": {
      "mean": 22000.0,
      "std": 0.0,
      "ci95_lo": 22000.0,
      "ci95_hi": 22000.0,
      "half_width": 0.0
    },
    "oscillation_events": {
      "mean": 60.0,
      "std": 0.0,
      "ci95_lo": 60.0,
      "ci95_hi": 60.0,
      "half_width": 0.0
    },
    "utilization_efficiency_pct": {
      "mean": 63.00514688743221,
      "std": 0.02889807827565925,
      "ci95_lo": 62.99435737926536,
      "ci95_hi": 63.01593639559906,
      "half_width": 0.010789508166854304
    },
    "governance_compliance_pct": {
      "mean": 100.0,
      "std": 0.0,
      "ci95_lo": 100.0,
      "ci95_hi": 100.0,
      "half_width": 0.0
    },
    "n_seeds": 30
  },
  "reactive": {
    "monthly_cost_usd": {
      "mean": 18911.929483333326,
      "std": 13.570930589407403,
      "ci95_lo": 18906.862583554404,
      "ci95_hi": 18916.996383112248,
      "half_width": 5.066899778922539
    },
    "oscillation_events": {
      "mean": 8319.466666666667,
      "std": 32.476764461458565,
      "ci95_lo": 8307.341005159096,
      "ci95_hi": 8331.592328174238,
      "half_width": 12.125661507570161
    },
    "utilization_efficiency_pct": {
      "mean": 73.29308975260258,
      "std": 0.04981726153011445,
      "ci95_lo": 73.2744897701054,
      "ci95_hi": 73.31168973509976,
      "half_width": 0.018599982497183008
    },
    "governance_compliance_pct": {
      "mean": 92.65833333333333,
      "std": 0.15449947107242035,
      "ci95_lo": 92.60064876036591,
      "ci95_hi": 92.71601790630075,
      "half_width": 0.05768457296742239
    },
    "n_seeds": 30
  },
  "cei": {
    "monthly_cost_usd": {
      "mean": 17002.5878243987,
      "std": 16.952660689108576,
      "ci95_lo": 16996.258307632557,
      "ci95_hi": 17008.91734116484,
      "half_width": 6.329516766141231
    },
    "oscillation_events": {
      "mean": 5155.266666666666,
      "std": 16.608957561038196,
      "ci95_lo": 5149.065476347423,
      "ci95_hi": 5161.46785698591,
      "half_width": 6.201190319243469
    },
    "utilization_efficiency_pct": {
      "mean": 81.5237441654912,
      "std": 0.09254574389391776,
      "ci95_lo": 81.48919089693035,
      "ci95_hi": 81.55829743405204,
      "half_width": 0.03455326856084008
    },
    "governance_compliance_pct": {
      "mean": 100.0,
      "std": 0.0,
      "ci95_lo": 100.0,
      "ci95_hi": 100.0,
      "half_width": 0.0
    },
    "n_seeds": 30
  },
  "cei_vs_reactive_cost_reduction_pct": {
    "mean": 10.095930181702025,
    "std": 0.10111839407944541,
    "half_width": 0.03775398932524619,
    "ci95_lo": 10.058176192376779,
    "ci95_hi": 10.133684171027271
  },
  "cei_vs_reactive_oscillation_reduction_pct": {
    "mean": 38.03282174373389,
    "std": 0.30378843880780587,
    "half_width": 0.11342373047254009,
    "ci95_lo": 37.91939801326135,
    "ci95_hi": 38.14624547420643
  }
}